{
    "RPT": {
        "ScanTime": "0.01 sec.",
        "ScanFile": "20181014_flatsome_df9dcc92602888b56722_20200127075623_scan.json",
        "Warnings": 1,
        "Success": 5
    },
    "SRV": {
        "PHP": {
            "websrv": true,
            "openbase": false,
            "maxtime": true,
            "mysqli": true,
            "version": true,
            "ALL": "Warn"
        },
        "WP": {
            "version": true,
            "core": true,
            "ismu": false,
            "ALL": "Good"
        }
    },
    "ARC": {
        "Size": "0B",
        "DirCount": "0",
        "FileCount": "0",
        "FullCount": "0",
        "WarnFileCount": 0,
        "WarnDirCount": 0,
        "UnreadableDirCount": 0,
        "UnreadableFileCount": 0,
        "FilterDirsAll": [
            "\/home\/multacco\/marketifa.ir\/flatsome\/wp-content\/ai1wm-backups",
            "\/home\/multacco\/marketifa.ir\/flatsome\/wp-content\/backups-dup-pro",
            "\/home\/multacco\/marketifa.ir\/flatsome\/wp-content\/backupwordpress",
            "\/home\/multacco\/marketifa.ir\/flatsome\/wp-content\/cache",
            "\/home\/multacco\/marketifa.ir\/flatsome\/wp-content\/content\/cache",
            "\/home\/multacco\/marketifa.ir\/flatsome\/wp-content\/contents\/cache",
            "\/home\/multacco\/marketifa.ir\/flatsome\/wp-content\/infinitewp\/backups",
            "\/home\/multacco\/marketifa.ir\/flatsome\/wp-content\/managewp\/backups",
            "\/home\/multacco\/marketifa.ir\/flatsome\/wp-content\/old-cache",
            "\/home\/multacco\/marketifa.ir\/flatsome\/wp-content\/plugins\/all-in-one-wp-migration\/storage",
            "\/home\/multacco\/marketifa.ir\/flatsome\/wp-content\/updraft",
            "\/home\/multacco\/marketifa.ir\/flatsome\/wp-content\/uploads\/aiowps_backups",
            "\/home\/multacco\/marketifa.ir\/flatsome\/wp-content\/uploads\/backupbuddy_backups",
            "\/home\/multacco\/marketifa.ir\/flatsome\/wp-content\/uploads\/backupbuddy_temp",
            "\/home\/multacco\/marketifa.ir\/flatsome\/wp-content\/uploads\/ithemes-security\/backups",
            "\/home\/multacco\/marketifa.ir\/flatsome\/wp-content\/uploads\/mainwp\/backup",
            "\/home\/multacco\/marketifa.ir\/flatsome\/wp-content\/uploads\/pb_backupbuddy",
            "\/home\/multacco\/marketifa.ir\/flatsome\/wp-content\/uploads\/snapshots",
            "\/home\/multacco\/marketifa.ir\/flatsome\/wp-content\/uploads\/sucuri",
            "\/home\/multacco\/marketifa.ir\/flatsome\/wp-content\/uploads\/wp-clone",
            "\/home\/multacco\/marketifa.ir\/flatsome\/wp-content\/uploads\/wp_all_backup",
            "\/home\/multacco\/marketifa.ir\/flatsome\/wp-content\/uploads\/wpbackitup_backups",
            "\/home\/multacco\/marketifa.ir\/flatsome\/wp-content\/wfcache",
            "\/home\/multacco\/marketifa.ir\/flatsome\/wp-content\/wishlist-backup",
            "\/home\/multacco\/marketifa.ir\/flatsome\/wp-snapshots"
        ],
        "FilterFilesAll": [
            "error_log",
            "error.log",
            "debug_log",
            "ws_ftp.log",
            "dbcache",
            "pgcache",
            "objectcache",
            ".DS_Store",
            "\/home\/multacco\/marketifa.ir\/flatsome\/.htaccess",
            "\/home\/multacco\/marketifa.ir\/flatsome\/web.config",
            "\/home\/multacco\/marketifa.ir\/flatsome\/wp-config.php"
        ],
        "FilterExtsAll": [],
        "FilterInfo": {
            "Dirs": {
                "Warning": [],
                "Unreadable": [],
                "Core": [
                    "\/home\/multacco\/marketifa.ir\/flatsome\/wp-snapshots",
                    "\/home\/multacco\/marketifa.ir\/flatsome\/wp-content\/backups-dup-pro",
                    "\/home\/multacco\/marketifa.ir\/flatsome\/wp-content\/ai1wm-backups",
                    "\/home\/multacco\/marketifa.ir\/flatsome\/wp-content\/backupwordpress",
                    "\/home\/multacco\/marketifa.ir\/flatsome\/wp-content\/content\/cache",
                    "\/home\/multacco\/marketifa.ir\/flatsome\/wp-content\/contents\/cache",
                    "\/home\/multacco\/marketifa.ir\/flatsome\/wp-content\/infinitewp\/backups",
                    "\/home\/multacco\/marketifa.ir\/flatsome\/wp-content\/managewp\/backups",
                    "\/home\/multacco\/marketifa.ir\/flatsome\/wp-content\/old-cache",
                    "\/home\/multacco\/marketifa.ir\/flatsome\/wp-content\/plugins\/all-in-one-wp-migration\/storage",
                    "\/home\/multacco\/marketifa.ir\/flatsome\/wp-content\/updraft",
                    "\/home\/multacco\/marketifa.ir\/flatsome\/wp-content\/wishlist-backup",
                    "\/home\/multacco\/marketifa.ir\/flatsome\/wp-content\/wfcache",
                    "\/home\/multacco\/marketifa.ir\/flatsome\/wp-content\/cache",
                    "\/home\/multacco\/marketifa.ir\/flatsome\/wp-content\/uploads\/aiowps_backups",
                    "\/home\/multacco\/marketifa.ir\/flatsome\/wp-content\/uploads\/backupbuddy_temp",
                    "\/home\/multacco\/marketifa.ir\/flatsome\/wp-content\/uploads\/backupbuddy_backups",
                    "\/home\/multacco\/marketifa.ir\/flatsome\/wp-content\/uploads\/ithemes-security\/backups",
                    "\/home\/multacco\/marketifa.ir\/flatsome\/wp-content\/uploads\/mainwp\/backup",
                    "\/home\/multacco\/marketifa.ir\/flatsome\/wp-content\/uploads\/pb_backupbuddy",
                    "\/home\/multacco\/marketifa.ir\/flatsome\/wp-content\/uploads\/snapshots",
                    "\/home\/multacco\/marketifa.ir\/flatsome\/wp-content\/uploads\/sucuri",
                    "\/home\/multacco\/marketifa.ir\/flatsome\/wp-content\/uploads\/wp-clone",
                    "\/home\/multacco\/marketifa.ir\/flatsome\/wp-content\/uploads\/wp_all_backup",
                    "\/home\/multacco\/marketifa.ir\/flatsome\/wp-content\/uploads\/wpbackitup_backups"
                ],
                "Global": [],
                "Instance": []
            },
            "Files": {
                "Size": [],
                "Warning": [],
                "Unreadable": [],
                "Core": [],
                "Global": [
                    "error_log",
                    "error.log",
                    "debug_log",
                    "ws_ftp.log",
                    "dbcache",
                    "pgcache",
                    "objectcache",
                    ".DS_Store"
                ],
                "Instance": []
            },
            "Exts": {
                "Core": [],
                "Global": [],
                "Instance": []
            },
            "UDirCount": 0,
            "UFileCount": 0,
            "UExtCount": 0,
            "TreeSize": [],
            "TreeWarning": []
        },
        "RecursiveLinks": [],
        "UnreadableItems": [],
        "Status": {
            "Size": "Good",
            "Names": "Good",
            "UnreadableItems": "Good",
            "MigratePackage": "Good",
            "CanbeMigratePackage": true,
            "showCreateProcStatus": "Good",
            "showCreateProc": true,
            "AddonSites": "Good"
        },
        "Dirs": [],
        "Files": []
    },
    "DB": {
        "Status": {
            "Success": true,
            "DB_Case": "Good",
            "DB_Rows": "Good",
            "DB_Size": "Good",
            "TBL_Case": "Good",
            "TBL_Rows": "Good",
            "TBL_Size": "Good"
        },
        "Size": "3.74MB",
        "Rows": "5,036",
        "TableCount": 41,
        "TableList": {
            "wp_commentmeta": {
                "Case": 0,
                "Rows": "0",
                "Size": "48KB",
                "USize": 49152
            },
            "wp_comments": {
                "Case": 0,
                "Rows": "174",
                "Size": "144KB",
                "USize": 147456
            },
            "wp_duplicator_packages": {
                "Case": 0,
                "Rows": "0",
                "Size": "6.2KB",
                "USize": 6344
            },
            "wp_links": {
                "Case": 0,
                "Rows": "0",
                "Size": "32KB",
                "USize": 32768
            },
            "wp_nf_objectmeta": {
                "Case": 0,
                "Rows": "186",
                "Size": "12.62KB",
                "USize": 12924
            },
            "wp_nf_objects": {
                "Case": 0,
                "Rows": "11",
                "Size": "2.26KB",
                "USize": 2316
            },
            "wp_nf_relationships": {
                "Case": 0,
                "Rows": "3",
                "Size": "2.14KB",
                "USize": 2192
            },
            "wp_ninja_forms_fav_fields": {
                "Case": 0,
                "Rows": "17",
                "Size": "19.28KB",
                "USize": 19744
            },
            "wp_ninja_forms_fields": {
                "Case": 0,
                "Rows": "16",
                "Size": "9.29KB",
                "USize": 9508
            },
            "wp_options": {
                "Case": 0,
                "Rows": "473",
                "Size": "352KB",
                "USize": 360448
            },
            "wp_postmeta": {
                "Case": 0,
                "Rows": "3,093",
                "Size": "544KB",
                "USize": 557056
            },
            "wp_posts": {
                "Case": 0,
                "Rows": "356",
                "Size": "1.58MB",
                "USize": 1654784
            },
            "wp_social_users": {
                "Case": 0,
                "Rows": "0",
                "Size": "32KB",
                "USize": 32768
            },
            "wp_taxonomymeta": {
                "Case": 0,
                "Rows": "8",
                "Size": "10.72KB",
                "USize": 10976
            },
            "wp_term_relationships": {
                "Case": 0,
                "Rows": "364",
                "Size": "32KB",
                "USize": 32768
            },
            "wp_term_taxonomy": {
                "Case": 0,
                "Rows": "71",
                "Size": "48KB",
                "USize": 49152
            },
            "wp_termmeta": {
                "Case": 0,
                "Rows": "85",
                "Size": "48KB",
                "USize": 49152
            },
            "wp_terms": {
                "Case": 0,
                "Rows": "71",
                "Size": "48KB",
                "USize": 49152
            },
            "wp_usermeta": {
                "Case": 0,
                "Rows": "33",
                "Size": "12.57KB",
                "USize": 12872
            },
            "wp_users": {
                "Case": 0,
                "Rows": "1",
                "Size": "8.09KB",
                "USize": 8288
            },
            "wp_wc_download_log": {
                "Case": 0,
                "Rows": "0",
                "Size": "48KB",
                "USize": 49152
            },
            "wp_wc_product_meta_lookup": {
                "Case": 0,
                "Rows": "57",
                "Size": "14KB",
                "USize": 14340
            },
            "wp_wc_tax_rate_classes": {
                "Case": 0,
                "Rows": "4",
                "Size": "9.22KB",
                "USize": 9440
            },
            "wp_wc_webhooks": {
                "Case": 0,
                "Rows": "0",
                "Size": "32KB",
                "USize": 32768
            },
            "wp_woocommerce_api_keys": {
                "Case": 0,
                "Rows": "0",
                "Size": "48KB",
                "USize": 49152
            },
            "wp_woocommerce_attribute_taxonomies": {
                "Case": 0,
                "Rows": "0",
                "Size": "32KB",
                "USize": 32768
            },
            "wp_woocommerce_downloadable_product_permissions": {
                "Case": 0,
                "Rows": "0",
                "Size": "80KB",
                "USize": 81920
            },
            "wp_woocommerce_ir": {
                "Case": 0,
                "Rows": "1",
                "Size": "16KB",
                "USize": 16384
            },
            "wp_woocommerce_log": {
                "Case": 0,
                "Rows": "0",
                "Size": "32KB",
                "USize": 32768
            },
            "wp_woocommerce_order_itemmeta": {
                "Case": 0,
                "Rows": "9",
                "Size": "48KB",
                "USize": 49152
            },
            "wp_woocommerce_order_items": {
                "Case": 0,
                "Rows": "1",
                "Size": "32KB",
                "USize": 32768
            },
            "wp_woocommerce_payment_tokenmeta": {
                "Case": 0,
                "Rows": "0",
                "Size": "48KB",
                "USize": 49152
            },
            "wp_woocommerce_payment_tokens": {
                "Case": 0,
                "Rows": "0",
                "Size": "32KB",
                "USize": 32768
            },
            "wp_woocommerce_sessions": {
                "Case": 0,
                "Rows": "1",
                "Size": "32KB",
                "USize": 32768
            },
            "wp_woocommerce_shipping_zone_locations": {
                "Case": 0,
                "Rows": "0",
                "Size": "48KB",
                "USize": 49152
            },
            "wp_woocommerce_shipping_zone_methods": {
                "Case": 0,
                "Rows": "0",
                "Size": "16KB",
                "USize": 16384
            },
            "wp_woocommerce_shipping_zones": {
                "Case": 0,
                "Rows": "0",
                "Size": "16KB",
                "USize": 16384
            },
            "wp_woocommerce_tax_rate_locations": {
                "Case": 0,
                "Rows": "0",
                "Size": "48KB",
                "USize": 49152
            },
            "wp_woocommerce_tax_rates": {
                "Case": 0,
                "Rows": "0",
                "Size": "80KB",
                "USize": 81920
            },
            "wp_yith_wcwl": {
                "Case": 0,
                "Rows": "0",
                "Size": "32KB",
                "USize": 32768
            },
            "wp_yith_wcwl_lists": {
                "Case": 0,
                "Rows": "1",
                "Size": "64KB",
                "USize": 65536
            }
        },
        "RawSize": 3926416
    },
    "LL": {
        "TotalSize": "3.74MB",
        "Status": {
            "TotalSize": "Good"
        }
    }
}